Workbook

Sheet หน้าสรุป
A1: Rank สินค้า | E1: Total | F1: Rank | G1: จน.Item | H1: จำนวนชิ้น | N1: AV 6M | O1: คิดเป็น % | P1: จำนวนบาท | V1: SUM 6M | W1: คิดเป็น %
A2: Total | C2: จน.Item | H2: มี.ค. | I2: เม.ย. | J2: พ.ค. | K2: มิ.ย. | L2: ก.ค. | M2: ส.ค. | P2: มี.ค. | Q2: เม.ย. | R2: พ.ค. | S2: มิ.ย. | T2: ก.ค. | U2: ส.ค.
A3: =SUM(A4:A6) | B3: เฉพาะรายการที่มียอดขายย้อนหลัง 6 เดือน | C3: ='Rank-สินค้าทั้งหมด '!D3 | E3: 1 | G3: =SUM(G4:G6) | H3: ='Rank-สินค้าทั้งหมด '!K3 | I3: ='Rank-สินค้าทั้งหมด '!L3 | J3: ='Rank-สินค้าทั้งหมด '!M3 | K3: ='Rank-สินค้าทั้งหมด '!N3 | L3: ='Rank-สินค้าทั้งหมด '!O3 | M3: ='Rank-สินค้าทั้งหมด '!P3 | N3: ='Rank-สินค้าทั้งหมด '!Q3 | O3: ='Rank-สินค้าทั้งหมด '!R3 | ... V3: ='Rank-สินค้าทั้งหมด '!Y3 | W3: ='[1]Rank-สินค้าทั้งหมด'!Z3
A4: =C4/$C$3 | B4: A | C4: ='Rank-สินค้าทั้งหมด '!D4 | E4: =A4 | F4: A | G4: ='Rank-สินค้าทั้งหมด '!J4 | H4: ='Rank-สินค้าทั้งหมด '!K4 | I4: ='Rank-สินค้าทั้งหมด '!L4 | J4: ='Rank-สินค้าทั้งหมด '!M4 | K4: ='Rank-สินค้าทั้งหมด '!N4 | L4: ='Rank-สินค้าทั้งหมด '!O4 | M4: ='Rank-สินค้าทั้งหมด '!P4 | N4: ='Rank-สินค้าทั้งหมด '!Q4 | ... V4: ='Rank-สินค้าทั้งหมด '!Y4 | W4: =V4/V3*W3
A5: =C5/$C$3 | B5: B | C5: ='Rank-สินค้าทั้งหมด '!D5 | E5: =A5 | F5: B | G5: ='Rank-สินค้าทั้งหมด '!J5 | H5: ='Rank-สินค้าทั้งหมด '!K5 | I5: ='Rank-สินค้าทั้งหมด '!L5 | J5: ='Rank-สินค้าทั้งหมด '!M5 | K5: ='Rank-สินค้าทั้งหมด '!N5 | L5: ='Rank-สินค้าทั้งหมด '!O5 | M5: ='Rank-สินค้าทั้งหมด '!P5 | N5: ='Rank-สินค้าทั้งหมด '!Q5 | ... V5: ='Rank-สินค้าทั้งหมด '!Y5 | W5: =V5/V4*W4
A6: =C6/$C$3 | B6: C | C6: ='Rank-สินค้าทั้งหมด '!D6 | E6: =A6 | F6: C | G6: ='Rank-สินค้าทั้งหมด '!J6 | H6: ='Rank-สินค้าทั้งหมด '!K6 | I6: ='Rank-สินค้าทั้งหมด '!L6 | J6: ='Rank-สินค้าทั้งหมด '!M6 | K6: ='Rank-สินค้าทั้งหมด '!N6 | L6: ='Rank-สินค้าทั้งหมด '!O6 | M6: ='Rank-สินค้าทั้งหมด '!P6 | N6: ='Rank-สินค้าทั้งหมด '!Q6 | ... V6: ='Rank-สินค้าทั้งหมด '!Y6 | W6: =V6/V5*W5
A7: รายการไม่มียอดขาย ย้อนหลัง 6 เดือน | C7: ='Rank-สินค้าทั้งหมด '!D7 | F7: D | G7: ='[1]Rank-สินค้าทั้งหมด'!J7 | H7: ='[1]Rank-สินค้าทั้งหมด'!K7 | I7: ='[1]Rank-สินค้าทั้งหมด'!L7 | J7: ='[1]Rank-สินค้าทั้งหมด'!M7 | K7: ='[1]Rank-สินค้าทั้งหมด'!N7 | L7: ='[1]Rank-สินค้าทั้งหมด'!O7 | M7: ='[1]Rank-สินค้าทั้งหมด'!P7 | N7: ='[1]Rank-สินค้าทั้งหมด'!Q7 | ... W7: ='[1]Rank-สินค้าทั้งหมด'!Z7
A8: จำนวนไอเทมสินค้าทั้งหมด | C8: ='Rank-สินค้าทั้งหมด '!D8

Sheet Rank-สินค้าทั้งหมด 
B1: รวมทั้งบริษัท | H1: Total | I1: Rank | J1: จน.Item | K1: จำนวนชิ้น | Q1: AV 6M | R1: คิดเป็น % | S1: จำนวนบาท | Y1: SUM 6M | Z1: คิดเป็น %
B2: Total | C2: Rank | D2: จน.Item | K2: มี.ค. | L2: เม.ย. | M2: พ.ค. | N2: มิ.ย. | O2: ก.ค. | P2: ส.ค. | S2: มี.ค. | T2: เม.ย. | U2: พ.ค. | V2: มิ.ย. | W2: ก.ค. | X2: ส.ค.
B3: 1 | C3: เฉพาะรายการที่มียอดขายย้อนหลัง 6 เดือน | D3: =COUNTIF($BL$12:$BL$18025,">=0.01") | H3: 1 | J3: =D3 | K3: =SUM(K4:K6) | L3: =SUM(L4:L6) | M3: =SUM(M4:M6) | N3: =SUM(N4:N6) | O3: =SUM(O4:O6) | P3: =SUM(P4:P6) | Q3: =AVERAGE(K3:P3) | R3: 1 | S3: =SUM(S4:S6) | T3: =SUM(T4:T6) | U3: =SUM(U4:U6) | V3: =SUM(V4:V6) | W3: =SUM(W4:W6) | X3: =SUM(X4:X6) | Y3: =SUM(S3:X3) | Z3: 1
B4: =$D4/$D$3 | C4: A | D4: 516 | F4: =COUNTIF(BL12:BL19884,">=2.5") | H4: 0.1736 | I4: A | J4: =D4 | K4: =SUMIF($O$12:$O$18025,$I4,BB$12:BB$18025) | L4: =SUMIF($O$12:$O$18025,$I4,BC$12:BC$18025) | M4: =SUMIF($O$12:$O$18025,$I4,BD$12:BD$18025) | N4: =SUMIF($O$12:$O$18025,$I4,BE$12:BE$18025) | O4: =SUMIF($O$12:$O$18025,$I4,BF$12:BF$18025) | P4: =SUMIF($O$12:$O$18025,$I4,BG$12:BG$18025) | Q4: =AVERAGE(K4:P4) | R4: =Q4/$Q$3*$R$3 | S4: =SUMIF($O$12:$O$16861,$I4,CY$12:CY$18025) | T4: =SUMIF($O$12:$O$16861,$I4,CZ$12:CZ$18025) | U4: =SUMIF($O$12:$O$16861,$I4,DA$12:DA$18025) | V4: =SUMIF($O$12:$O$16861,$I4,DB$12:DB$18025) | W4: =SUMIF($O$12:$O$16861,$I4,DC$12:DC$18025) | X4: =SUMIF($O$12:$O$16861,$I4,DD$12:DD$18025) | Y4: =SUM(S4:X4) | Z4: =$Y4/$Y$3*$Z$3
B5: =$D5/$D$3 | C5: B | D5: 1147 | F5: =COUNTIFS(BL12:BL19884,">=0.5",BL12:BL19884,"<=2.49") | H5: 0.3395 | I5: B | J5: =D5 | K5: =SUMIF($O$12:$O$18025,$I5,BB$12:BB$18025) | L5: =SUMIF($O$12:$O$18025,$I5,BC$12:BC$18025) | M5: =SUMIF($O$12:$O$18025,$I5,BD$12:BD$18025) | N5: =SUMIF($O$12:$O$18025,$I5,BE$12:BE$18025) | O5: =SUMIF($O$12:$O$18025,$I5,BF$12:BF$18025) | P5: =SUMIF($O$12:$O$18025,$I5,BG$12:BG$18025) | Q5: =AVERAGE(K5:P5) | R5: =Q5/$Q$3*$R$3 | S5: =SUMIF($O$12:$O$16861,$I5,CY$12:CY$18025) | T5: =SUMIF($O$12:$O$16861,$I5,CZ$12:CZ$18025) | U5: =SUMIF($O$12:$O$16861,$I5,DA$12:DA$18025) | V5: =SUMIF($O$12:$O$16861,$I5,DB$12:DB$18025) | W5: =SUMIF($O$12:$O$16861,$I5,DC$12:DC$18025) | X5: =SUMIF($O$12:$O$16861,$I5,DD$12:DD$18025) | Y5: =SUM(S5:X5) | Z5: =$Y5/$Y$3*$Z$3
B6: =$D6/$D$3 | C6: C | D6: 1590 | F6: =COUNTIFS(BL12:BL19884,">=0.1",BL12:BL19884,"<=0.49") | H6: 0.4869 | I6: C | J6: =D6 | K6: =SUMIF($O$12:$O$18025,$I6,BB$12:BB$18025) | L6: =SUMIF($O$12:$O$18025,$I6,BC$12:BC$18025) | M6: =SUMIF($O$12:$O$18025,$I6,BD$12:BD$18025) | N6: =SUMIF($O$12:$O$18025,$I6,BE$12:BE$18025) | O6: =SUMIF($O$12:$O$18025,$I6,BF$12:BF$18025) | P6: =SUMIF($O$12:$O$18025,$I6,BG$12:BG$18025) | Q6: =AVERAGE(K6:P6) | R6: =Q6/$Q$3*$R$3 | S6: =SUMIF($O$12:$O$16861,$I6,CY$12:CY$18025) | T6: =SUMIF($O$12:$O$16861,$I6,CZ$12:CZ$18025) | U6: =SUMIF($O$12:$O$16861,$I6,DA$12:DA$18025) | V6: =SUMIF($O$12:$O$16861,$I6,DB$12:DB$18025) | W6: =SUMIF($O$12:$O$16861,$I6,DC$12:DC$18025) | X6: =SUMIF($O$12:$O$16861,$I6,DD$12:DD$18025) | Y6: =SUM(S6:X6) | Z6: =$Y6/$Y$3*$Z$3
B7: รายการไม่มียอดขาย ย้อนหลัง 6 เดือน | D7: =D8-D3 | F7: =COUNTIF($BL$12:$BL$18012,"<=0")
B8: จำนวนไอเทมสินค้าทั้งหมด | D8: =COUNT(A12:A19884)
A10: ลำดับ | B10: Category | C10: Product Code | D10: Description | E10: ยี่ห้อ | F10: รุ่น | G10: ประเภทสินค้า | H10: List Price | I10: Member | J10: Wholesale General | K10: สต๊อกคงเหลือ | L10: มูลค่าสินค้า | M10: Vender | N10: สินค้าโครงการ Rank C / D | O10: Rank สินค้าปัจุบัน | P10: ขาย (ชิ้น/เดือน) 2023 | AB10: ขาย (ชิ้น/เดือน) 2024 | AN10: ขาย (ชิ้น/เดือน) 2025 | AZ10: ขาย (ชิ้น/เดือน) 2026 | BM10: ขาย (บาท/เดือน) 2023 | BY10: ขาย (บาท/เดือน) 2024 | CK10: ขาย (บาท/เดือน) 2025 | CW10: ขาย (บาท/เดือน) 2026 | DJ10: New Product | DK10: บาร์ BOM TYPE
L11: จำนวนคงเหลือxราคาส่ง | P11: ม.ค. | Q11: ก.พ. | R11: มี.ค. | S11: เม.ย. | T11: พ.ค. | U11: มิ.ย. | V11: ก.ค. | W11: ส.ค. | X11: ก.ย. | Y11: ต.ค. | Z11: พ.ย. | AA11: ธ.ค. | AB11: ม.ค. | AC11: ก.พ. | AD11: มี.ค. | AE11: เม.ย. | AF11: พ.ค. | AG11: มิ.ย. | AH11: ก.ค. | AI11: ส.ค. | AJ11: ก.ย. | AK11: ต.ค. | AL11: พ.ย. | AM11: ธ.ค. | AN11: ม.ค. | AO11: ก.พ. | AP11: มี.ค. | AQ11: เม.ย. | AR11: พ.ค. | AS11: มิ.ย. | AT11: ก.ค. | AU11: ส.ค. | AV11: ก.ย. | AW11: ต.ค. | AX11: พ.ย. | AY11: ธ.ค. | AZ11: ม.ค. | BA11: ก.พ. | BB11: มี.ค. | BC11: เม.ย. | BD11: พ.ค. | BE11: มิ.ย. | BF11: ก.ค. | BG11: ส.ค. | BH11: AV Y2023 | BI11: AV Y2024 | BJ11: AV Y2025 | BK11: AV Y2026 | BL11: AV 6M | BM11: ม.ค. | BN11: ก.พ. | BO11: มี.ค. | BP11: เม.ย. | BQ11: พ.ค. | BR11: มิ.ย. | BS11: ก.ค. | BT11: ส.ค. | BU11: ก.ย. | BV11: ต.ค. | BW11: พ.ย. | BX11: ธ.ค. | BY11: ม.ค. | BZ11: ก.พ. | CA11: มี.ค. | CB11: เม.ย. | CC11: พ.ค. | CD11: มิ.ย. | CE11: ก.ค. | CF11: ส.ค. | CG11: ก.ย. | CH11: ต.ค. | CI11: พ.ย. | CJ11: ธ.ค. | CK11: ม.ค. | CL11: ก.พ. | CM11: มี.ค. | CN11: เม.ย. | CO11: พ.ค. | CP11: มิ.ย. | CQ11: ก.ค. | CR11: ส.ค. | CS11: ก.ย. | CT11: ต.ค. | CU11: พ.ย. | CV11: ธ.ค. | CW11: ม.ค. | CX11: ก.พ. | CY11: มี.ค. | CZ11: เม.ย. | DA11: พ.ค. | DB11: มิ.ย. | DC11: ก.ค. | DD11: ส.ค. | DE11: SUM Y2023 | DF11: SUM Y2024 | DG11: SUM Y2025 | DH11: SUM Y2026 | DI11: SUM 6M | DJ11: 3M
A12: 1 | B12: Plat-LP | C12: EA011-U000-SNKC | D12: กรอบป้ายทะเบียนพลาสติกสีดำ ตัวอักษรสีขาว NKC GROUP-since 1972 "สินค้าสั่งผลิตเท่านั้น ห้ามจำหน่าย" | E12: กรอบป้ายทะเบียน | F12: กรอบป้ายทะเบียน | G12: กรอบป้ายทะเบียน | H12: 0 | I12: 0 | J12: 0 | K12: 0 | L12: 0 | M12: PPP | O12: =IF(ROW()-11<=516,"A",IF(ROW()-11<=1663,"B",IF(ROW()-11<=3253,"C","D"))) | P12: =SUMIFS('2023'!$M:$M,'2023'!$I:$I,$C12,'2023'!$Z:$Z,'Rank-สินค้าทั้งหมด '!P$11) | Q12: =SUMIFS('2023'!$M:$M,'2023'!$I:$I,$C12,'2023'!$Z:$Z,'Rank-สินค้าทั้งหมด '!Q$11) | R12: =SUMIFS('2023'!$M:$M,'2023'!$I:$I,$C12,'2023'!$Z:$Z,'Rank-สินค้าทั้งหมด '!R$11) | S12: =SUMIFS('2023'!$M:$M,'2023'!$I:$I,$C12,'2023'!$Z:$Z,'Rank-สินค้าทั้งหมด '!S$11) | T12: =SUMIFS('2023'!$M:$M,'2023'!$I:$I,$C12,'2023'!$Z:$Z,'Rank-สินค้าทั้งหมด '!T$11) | U12: =SUMIFS('2023'!$M:$M,'2023'!$I:$I,$C12,'2023'!$Z:$Z,'Rank-สินค้าทั้งหมด '!U$11) | V12: =SUMIFS('2023'!$M:$M,'2023'!$I:$I,$C12,'2023'!$Z:$Z,'Rank-สินค้าทั้งหมด '!V$11) | W12: =SUMIFS('2023'!$M:$M,'2023'!$I:$I,$C12,'2023'!$Z:$Z,'Rank-สินค้าทั้งหมด '!W$11) | ... AA12: =SUMIFS('2023'!$M:$M,'2023'!$I:$I,$C12,'2023'!$Z:$Z,'Rank-สินค้าทั้งหมด '!AA$11) | AB12: =SUMIFS('2024'!$M:$M,'2024'!$I:$I,$C12,'2024'!$Z:$Z,'Rank-สินค้าทั้งหมด '!AB$11) | AC12: =SUMIFS('2024'!$M:$M,'2024'!$I:$I,$C12,'2024'!$Z:$Z,'Rank-สินค้าทั้งหมด '!AC$11) | AD12: =SUMIFS('2024'!$M:$M,'2024'!$I:$I,$C12,'2024'!$Z:$Z,'Rank-สินค้าทั้งหมด '!AD$11) | AE12: =SUMIFS('2024'!$M:$M,'2024'!$I:$I,$C12,'2024'!$Z:$Z,'Rank-สินค้าทั้งหมด '!AE$11) | AF12: =SUMIFS('2024'!$M:$M,'2024'!$I:$I,$C12,'2024'!$Z:$Z,'Rank-สินค้าทั้งหมด '!AF$11) | AG12: =SUMIFS('2024'!$M:$M,'2024'!$I:$I,$C12,'2024'!$Z:$Z,'Rank-สินค้าทั้งหมด '!AG$11) | AH12: =SUMIFS('2024'!$M:$M,'2024'!$I:$I,$C12,'2024'!$Z:$Z,'Rank-สินค้าทั้งหมด '!AH$11) | AI12: =SUMIFS('2024'!$M:$M,'2024'!$I:$I,$C12,'2024'!$Z:$Z,'Rank-สินค้าทั้งหมด '!AI$11) | ... AM12: =SUMIFS('2024'!$M:$M,'2024'!$I:$I,$C12,'2024'!$Z:$Z,'Rank-สินค้าทั้งหมด '!AM$11) | AN12: =SUMIFS('2025'!$M:$M,'2025'!$I:$I,$C12,'2025'!$Z:$Z,'Rank-สินค้าทั้งหมด '!AN$11) | AO12: =SUMIFS('2025'!$M:$M,'2025'!$I:$I,$C12,'2025'!$Z:$Z,'Rank-สินค้าทั้งหมด '!AO$11) | AP12: =SUMIFS('2025'!$M:$M,'2025'!$I:$I,$C12,'2025'!$Z:$Z,'Rank-สินค้าทั้งหมด '!AP$11) | AQ12: =SUMIFS('2025'!$M:$M,'2025'!$I:$I,$C12,'2025'!$Z:$Z,'Rank-สินค้าทั้งหมด '!AQ$11) | AR12: =SUMIFS('2025'!$M:$M,'2025'!$I:$I,$C12,'2025'!$Z:$Z,'Rank-สินค้าทั้งหมด '!AR$11) | AS12: =SUMIFS('2025'!$M:$M,'2025'!$I:$I,$C12,'2025'!$Z:$Z,'Rank-สินค้าทั้งหมด '!AS$11) | AT12: =SUMIFS('2025'!$M:$M,'2025'!$I:$I,$C12,'2025'!$Z:$Z,'Rank-สินค้าทั้งหมด '!AT$11) | AU12: =SUMIFS('2025'!$M:$M,'2025'!$I:$I,$C12,'2025'!$Z:$Z,'Rank-สินค้าทั้งหมด '!AU$11) | ... AY12: =SUMIFS('2025'!$M:$M,'2025'!$I:$I,$C12,'2025'!$Z:$Z,'Rank-สินค้าทั้งหมด '!AY$11) | AZ12: =SUMIFS('2026'!$M:$M,'2026'!$I:$I,$C12,'2026'!$Y:$Y,'Rank-สินค้าทั้งหมด '!AZ$11) | BA12: =SUMIFS('2026'!$M:$M,'2026'!$I:$I,$C12,'2026'!$Y:$Y,'Rank-สินค้าทั้งหมด '!BA$11) | BB12: =SUMIFS('2026'!$M:$M,'2026'!$I:$I,$C12,'2026'!$Y:$Y,'Rank-สินค้าทั้งหมด '!BB$11) | BC12: =SUMIFS('2026'!$M:$M,'2026'!$I:$I,$C12,'2026'!$Y:$Y,'Rank-สินค้าทั้งหมด '!BC$11) | BD12: =SUMIFS('2026'!$M:$M,'2026'!$I:$I,$C12,'2026'!$Y:$Y,'Rank-สินค้าทั้งหมด '!BD$11) | BE12: =SUMIFS('2026'!$M:$M,'2026'!$I:$I,$C12,'2026'!$Y:$Y,'Rank-สินค้าทั้งหมด '!BE$11) | BF12: =SUMIFS('2026'!$M:$M,'2026'!$I:$I,$C12,'2026'!$Y:$Y,'Rank-สินค้าทั้งหมด '!BF$11) | BG12: =SUMIFS('2026'!$M:$M,'2026'!$I:$I,$C12,'2026'!$Y:$Y,'Rank-สินค้าทั้งหมด '!BG$11) | BH12: =AVERAGEA(P12:AA12) | BI12: =AVERAGEA(AB12:AM12) | BJ12: =AVERAGEA(AN12:AY12) | BK12: =AVERAGEA(AZ12:BG12) | BL12: =AVERAGEA(BB12:BG12) | BM12: =SUMIFS('2023'!$U:$U,'2023'!$I:$I,$C12,'2023'!$Z:$Z,'Rank-สินค้าทั้งหมด '!BM$11) | BN12: =SUMIFS('2023'!$U:$U,'2023'!$I:$I,$C12,'2023'!$Z:$Z,'Rank-สินค้าทั้งหมด '!BN$11) | BO12: =SUMIFS('2023'!$U:$U,'2023'!$I:$I,$C12,'2023'!$Z:$Z,'Rank-สินค้าทั้งหมด '!BO$11) | BP12: =SUMIFS('2023'!$U:$U,'2023'!$I:$I,$C12,'2023'!$Z:$Z,'Rank-สินค้าทั้งหมด '!BP$11) | BQ12: =SUMIFS('2023'!$U:$U,'2023'!$I:$I,$C12,'2023'!$Z:$Z,'Rank-สินค้าทั้งหมด '!BQ$11) | BR12: =SUMIFS('2023'!$U:$U,'2023'!$I:$I,$C12,'2023'!$Z:$Z,'Rank-สินค้าทั้งหมด '!BR$11) | BS12: =SUMIFS('2023'!$U:$U,'2023'!$I:$I,$C12,'2023'!$Z:$Z,'Rank-สินค้าทั้งหมด '!BS$11) | BT12: =SUMIFS('2023'!$U:$U,'2023'!$I:$I,$C12,'2023'!$Z:$Z,'Rank-สินค้าทั้งหมด '!BT$11) | ... BX12: =SUMIFS('2023'!$U:$U,'2023'!$I:$I,$C12,'2023'!$Z:$Z,'Rank-สินค้าทั้งหมด '!BX$11) | BY12: =SUMIFS('2024'!$U:$U,'2024'!$I:$I,$C12,'2024'!$Z:$Z,'Rank-สินค้าทั้งหมด '!BY$11) | BZ12: =SUMIFS('2024'!$U:$U,'2024'!$I:$I,$C12,'2024'!$Z:$Z,'Rank-สินค้าทั้งหมด '!BZ$11) | CA12: =SUMIFS('2024'!$U:$U,'2024'!$I:$I,$C12,'2024'!$Z:$Z,'Rank-สินค้าทั้งหมด '!CA$11) | CB12: =SUMIFS('2024'!$U:$U,'2024'!$I:$I,$C12,'2024'!$Z:$Z,'Rank-สินค้าทั้งหมด '!CB$11) | CC12: =SUMIFS('2024'!$U:$U,'2024'!$I:$I,$C12,'2024'!$Z:$Z,'Rank-สินค้าทั้งหมด '!CC$11) | CD12: =SUMIFS('2024'!$U:$U,'2024'!$I:$I,$C12,'2024'!$Z:$Z,'Rank-สินค้าทั้งหมด '!CD$11) | CE12: =SUMIFS('2024'!$U:$U,'2024'!$I:$I,$C12,'2024'!$Z:$Z,'Rank-สินค้าทั้งหมด '!CE$11) | CF12: =SUMIFS('2024'!$U:$U,'2024'!$I:$I,$C12,'2024'!$Z:$Z,'Rank-สินค้าทั้งหมด '!CF$11) | ... CJ12: =SUMIFS('2024'!$U:$U,'2024'!$I:$I,$C12,'2024'!$Z:$Z,'Rank-สินค้าทั้งหมด '!CJ$11) | CK12: =SUMIFS('2025'!$U:$U,'2025'!$I:$I,$C12,'2025'!$Z:$Z,'Rank-สินค้าทั้งหมด '!CK$11) | CL12: =SUMIFS('2025'!$U:$U,'2025'!$I:$I,$C12,'2025'!$Z:$Z,'Rank-สินค้าทั้งหมด '!CL$11) | CM12: =SUMIFS('2025'!$U:$U,'2025'!$I:$I,$C12,'2025'!$Z:$Z,'Rank-สินค้าทั้งหมด '!CM$11) | CN12: =SUMIFS('2025'!$U:$U,'2025'!$I:$I,$C12,'2025'!$Z:$Z,'Rank-สินค้าทั้งหมด '!CN$11) | CO12: =SUMIFS('2025'!$U:$U,'2025'!$I:$I,$C12,'2025'!$Z:$Z,'Rank-สินค้าทั้งหมด '!CO$11) | CP12: =SUMIFS('2025'!$U:$U,'2025'!$I:$I,$C12,'2025'!$Z:$Z,'Rank-สินค้าทั้งหมด '!CP$11) | CQ12: =SUMIFS('2025'!$U:$U,'2025'!$I:$I,$C12,'2025'!$Z:$Z,'Rank-สินค้าทั้งหมด '!CQ$11) | CR12: =SUMIFS('2025'!$U:$U,'2025'!$I:$I,$C12,'2025'!$Z:$Z,'Rank-สินค้าทั้งหมด '!CR$11) | ... CV12: =SUMIFS('2025'!$U:$U,'2025'!$I:$I,$C12,'2025'!$Z:$Z,'Rank-สินค้าทั้งหมด '!CV$11) | CW12: =SUMIFS('2026'!$U:$U,'2026'!$I:$I,$C12,'2026'!$Y:$Y,'Rank-สินค้าทั้งหมด '!CW$11) | CX12: =SUMIFS('2026'!$U:$U,'2026'!$I:$I,$C12,'2026'!$Y:$Y,'Rank-สินค้าทั้งหมด '!CX$11) | CY12: =SUMIFS('2026'!$U:$U,'2026'!$I:$I,$C12,'2026'!$Y:$Y,'Rank-สินค้าทั้งหมด '!CY$11) | CZ12: =SUMIFS('2026'!$U:$U,'2026'!$I:$I,$C12,'2026'!$Y:$Y,'Rank-สินค้าทั้งหมด '!CZ$11) | DA12: =SUMIFS('2026'!$U:$U,'2026'!$I:$I,$C12,'2026'!$Y:$Y,'Rank-สินค้าทั้งหมด '!DA$11) | DB12: =SUMIFS('2026'!$U:$U,'2026'!$I:$I,$C12,'2026'!$Y:$Y,'Rank-สินค้าทั้งหมด '!DB$11) | DC12: =SUMIFS('2026'!$U:$U,'2026'!$I:$I,$C12,'2026'!$Y:$Y,'Rank-สินค้าทั้งหมด '!DC$11) | DD12: =SUMIFS('2026'!$U:$U,'2026'!$I:$I,$C12,'2026'!$Y:$Y,'Rank-สินค้าทั้งหมด '!DD$11) | DE12: =SUM(BM12:BX12) | DF12: =SUM(BY12:CJ12) | DG12: =SUM(CK12:CV12) | DH12: =SUM(CW12:DD12) | DI12: =SUM(CY12:DD12)
A13: 2 | B13: Plat-LP | C13: EA011-MG00-APWH | D13: กรอบป้ายทะเบียน พลาสติก สีดำ เอ็มจี อนันตภัณฑ์ ตัวอักษรอื่นสีขาว (สินค้าสั่งผลิตเท่านั้น ห้ามจำหน่าย) โคราช | E13: กรอบป้ายทะเบียนสั่งเป็นจำนวน | F13: กรอบป้ายทะเบียนสั่งเป็นจำนวน | G13: กรอบป้ายทะเบียน | H13: 0 | I13: 0 | J13: 0 | K13: 0 | L13: 0 | M13: PPP | O13: =IF(ROW()-11<=516,"A",IF(ROW()-11<=1663,"B",IF(ROW()-11<=3253,"C","D"))) | P13: =SUMIFS('2023'!$M:$M,'2023'!$I:$I,$C13,'2023'!$Z:$Z,'Rank-สินค้าทั้งหมด '!P$11) | Q13: =SUMIFS('2023'!$M:$M,'2023'!$I:$I,$C13,'2023'!$Z:$Z,'Rank-สินค้าทั้งหมด '!Q$11) | R13: =SUMIFS('2023'!$M:$M,'2023'!$I:$I,$C13,'2023'!$Z:$Z,'Rank-สินค้าทั้งหมด '!R$11) | S13: =SUMIFS('2023'!$M:$M,'2023'!$I:$I,$C13,'2023'!$Z:$Z,'Rank-สินค้าทั้งหมด '!S$11) | T13: =SUMIFS('2023'!$M:$M,'2023'!$I:$I,$C13,'2023'!$Z:$Z,'Rank-สินค้าทั้งหมด '!T$11) | U13: =SUMIFS('2023'!$M:$M,'2023'!$I:$I,$C13,'2023'!$Z:$Z,'Rank-สินค้าทั้งหมด '!U$11) | V13: =SUMIFS('2023'!$M:$M,'2023'!$I:$I,$C13,'2023'!$Z:$Z,'Rank-สินค้าทั้งหมด '!V$11) | W13: =SUMIFS('2023'!$M:$M,'2023'!$I:$I,$C13,'2023'!$Z:$Z,'Rank-สินค้าทั้งหมด '!W$11) | ... AA13: =SUMIFS('2023'!$M:$M,'2023'!$I:$I,$C13,'2023'!$Z:$Z,'Rank-สินค้าทั้งหมด '!AA$11) | AB13: =SUMIFS('2024'!$M:$M,'2024'!$I:$I,$C13,'2024'!$Z:$Z,'Rank-สินค้าทั้งหมด '!AB$11) | AC13: =SUMIFS('2024'!$M:$M,'2024'!$I:$I,$C13,'2024'!$Z:$Z,'Rank-สินค้าทั้งหมด '!AC$11) | AD13: =SUMIFS('2024'!$M:$M,'2024'!$I:$I,$C13,'2024'!$Z:$Z,'Rank-สินค้าทั้งหมด '!AD$11) | AE13: =SUMIFS('2024'!$M:$M,'2024'!$I:$I,$C13,'2024'!$Z:$Z,'Rank-สินค้าทั้งหมด '!AE$11) | AF13: =SUMIFS('2024'!$M:$M,'2024'!$I:$I,$C13,'2024'!$Z:$Z,'Rank-สินค้าทั้งหมด '!AF$11) | AG13: =SUMIFS('2024'!$M:$M,'2024'!$I:$I,$C13,'2024'!$Z:$Z,'Rank-สินค้าทั้งหมด '!AG$11) | AH13: =SUMIFS('2024'!$M:$M,'2024'!$I:$I,$C13,'2024'!$Z:$Z,'Rank-สินค้าทั้งหมด '!AH$11) | AI13: =SUMIFS('2024'!$M:$M,'2024'!$I:$I,$C13,'2024'!$Z:$Z,'Rank-สินค้าทั้งหมด '!AI$11) | ... AM13: =SUMIFS('2024'!$M:$M,'2024'!$I:$I,$C13,'2024'!$Z:$Z,'Rank-สินค้าทั้งหมด '!AM$11) | AN13: =SUMIFS('2025'!$M:$M,'2025'!$I:$I,$C13,'2025'!$Z:$Z,'Rank-สินค้าทั้งหมด '!AN$11) | AO13: =SUMIFS('2025'!$M:$M,'2025'!$I:$I,$C13,'2025'!$Z:$Z,'Rank-สินค้าทั้งหมด '!AO$11) | AP13: =SUMIFS('2025'!$M:$M,'2025'!$I:$I,$C13,'2025'!$Z:$Z,'Rank-สินค้าทั้งหมด '!AP$11) | AQ13: =SUMIFS('2025'!$M:$M,'2025'!$I:$I,$C13,'2025'!$Z:$Z,'Rank-สินค้าทั้งหมด '!AQ$11) | AR13: =SUMIFS('2025'!$M:$M,'2025'!$I:$I,$C13,'2025'!$Z:$Z,'Rank-สินค้าทั้งหมด '!AR$11) | AS13: =SUMIFS('2025'!$M:$M,'2025'!$I:$I,$C13,'2025'!$Z:$Z,'Rank-สินค้าทั้งหมด '!AS$11) | AT13: =SUMIFS('2025'!$M:$M,'2025'!$I:$I,$C13,'2025'!$Z:$Z,'Rank-สินค้าทั้งหมด '!AT$11) | AU13: =SUMIFS('2025'!$M:$M,'2025'!$I:$I,$C13,'2025'!$Z:$Z,'Rank-สินค้าทั้งหมด '!AU$11) | ... AY13: =SUMIFS('2025'!$M:$M,'2025'!$I:$I,$C13,'2025'!$Z:$Z,'Rank-สินค้าทั้งหมด '!AY$11) | AZ13: =SUMIFS('2026'!$M:$M,'2026'!$I:$I,$C13,'2026'!$Y:$Y,'Rank-สินค้าทั้งหมด '!AZ$11) | BA13: =SUMIFS('2026'!$M:$M,'2026'!$I:$I,$C13,'2026'!$Y:$Y,'Rank-สินค้าทั้งหมด '!BA$11) | BB13: =SUMIFS('2026'!$M:$M,'2026'!$I:$I,$C13,'2026'!$Y:$Y,'Rank-สินค้าทั้งหมด '!BB$11) | BC13: =SUMIFS('2026'!$M:$M,'2026'!$I:$I,$C13,'2026'!$Y:$Y,'Rank-สินค้าทั้งหมด '!BC$11) | BD13: =SUMIFS('2026'!$M:$M,'2026'!$I:$I,$C13,'2026'!$Y:$Y,'Rank-สินค้าทั้งหมด '!BD$11) | BE13: =SUMIFS('2026'!$M:$M,'2026'!$I:$I,$C13,'2026'!$Y:$Y,'Rank-สินค้าทั้งหมด '!BE$11) | BF13: =SUMIFS('2026'!$M:$M,'2026'!$I:$I,$C13,'2026'!$Y:$Y,'Rank-สินค้าทั้งหมด '!BF$11) | BG13: =SUMIFS('2026'!$M:$M,'2026'!$I:$I,$C13,'2026'!$Y:$Y,'Rank-สินค้าทั้งหมด '!BG$11) | BH13: =AVERAGEA(P13:AA13) | BI13: =AVERAGEA(AB13:AM13) | BJ13: =AVERAGEA(AN13:AY13) | BK13: =AVERAGEA(AZ13:BG13) | BL13: =AVERAGEA(BB13:BG13) | BM13: =SUMIFS('2023'!$U:$U,'2023'!$I:$I,$C13,'2023'!$Z:$Z,'Rank-สินค้าทั้งหมด '!BM$11) | BN13: =SUMIFS('2023'!$U:$U,'2023'!$I:$I,$C13,'2023'!$Z:$Z,'Rank-สินค้าทั้งหมด '!BN$11) | BO13: =SUMIFS('2023'!$U:$U,'2023'!$I:$I,$C13,'2023'!$Z:$Z,'Rank-สินค้าทั้งหมด '!BO$11) | BP13: =SUMIFS('2023'!$U:$U,'2023'!$I:$I,$C13,'2023'!$Z:$Z,'Rank-สินค้าทั้งหมด '!BP$11) | BQ13: =SUMIFS('2023'!$U:$U,'2023'!$I:$I,$C13,'2023'!$Z:$Z,'Rank-สินค้าทั้งหมด '!BQ$11) | BR13: =SUMIFS('2023'!$U:$U,'2023'!$I:$I,$C13,'2023'!$Z:$Z,'Rank-สินค้าทั้งหมด '!BR$11) | BS13: =SUMIFS('2023'!$U:$U,'2023'!$I:$I,$C13,'2023'!$Z:$Z,'Rank-สินค้าทั้งหมด '!BS$11) | BT13: =SUMIFS('2023'!$U:$U,'2023'!$I:$I,$C13,'2023'!$Z:$Z,'Rank-สินค้าทั้งหมด '!BT$11) | ... BX13: =SUMIFS('2023'!$U:$U,'2023'!$I:$I,$C13,'2023'!$Z:$Z,'Rank-สินค้าทั้งหมด '!BX$11) | BY13: =SUMIFS('2024'!$U:$U,'2024'!$I:$I,$C13,'2024'!$Z:$Z,'Rank-สินค้าทั้งหมด '!BY$11) | BZ13: =SUMIFS('2024'!$U:$U,'2024'!$I:$I,$C13,'2024'!$Z:$Z,'Rank-สินค้าทั้งหมด '!BZ$11) | CA13: =SUMIFS('2024'!$U:$U,'2024'!$I:$I,$C13,'2024'!$Z:$Z,'Rank-สินค้าทั้งหมด '!CA$11) | CB13: =SUMIFS('2024'!$U:$U,'2024'!$I:$I,$C13,'2024'!$Z:$Z,'Rank-สินค้าทั้งหมด '!CB$11) | CC13: =SUMIFS('2024'!$U:$U,'2024'!$I:$I,$C13,'2024'!$Z:$Z,'Rank-สินค้าทั้งหมด '!CC$11) | CD13: =SUMIFS('2024'!$U:$U,'2024'!$I:$I,$C13,'2024'!$Z:$Z,'Rank-สินค้าทั้งหมด '!CD$11) | CE13: =SUMIFS('2024'!$U:$U,'2024'!$I:$I,$C13,'2024'!$Z:$Z,'Rank-สินค้าทั้งหมด '!CE$11) | CF13: =SUMIFS('2024'!$U:$U,'2024'!$I:$I,$C13,'2024'!$Z:$Z,'Rank-สินค้าทั้งหมด '!CF$11) | ... CJ13: =SUMIFS('2024'!$U:$U,'2024'!$I:$I,$C13,'2024'!$Z:$Z,'Rank-สินค้าทั้งหมด '!CJ$11) | CK13: =SUMIFS('2025'!$U:$U,'2025'!$I:$I,$C13,'2025'!$Z:$Z,'Rank-สินค้าทั้งหมด '!CK$11) | CL13: =SUMIFS('2025'!$U:$U,'2025'!$I:$I,$C13,'2025'!$Z:$Z,'Rank-สินค้าทั้งหมด '!CL$11) | CM13: =SUMIFS('2025'!$U:$U,'2025'!$I:$I,$C13,'2025'!$Z:$Z,'Rank-สินค้าทั้งหมด '!CM$11) | CN13: =SUMIFS('2025'!$U:$U,'2025'!$I:$I,$C13,'2025'!$Z:$Z,'Rank-สินค้าทั้งหมด '!CN$11) | CO13: =SUMIFS('2025'!$U:$U,'2025'!$I:$I,$C13,'2025'!$Z:$Z,'Rank-สินค้าทั้งหมด '!CO$11) | CP13: =SUMIFS('2025'!$U:$U,'2025'!$I:$I,$C13,'2025'!$Z:$Z,'Rank-สินค้าทั้งหมด '!CP$11) | CQ13: =SUMIFS('2025'!$U:$U,'2025'!$I:$I,$C13,'2025'!$Z:$Z,'Rank-สินค้าทั้งหมด '!CQ$11) | CR13: =SUMIFS('2025'!$U:$U,'2025'!$I:$I,$C13,'2025'!$Z:$Z,'Rank-สินค้าทั้งหมด '!CR$11) | ... CV13: =SUMIFS('2025'!$U:$U,'2025'!$I:$I,$C13,'2025'!$Z:$Z,'Rank-สินค้าทั้งหมด '!CV$11) | CW13: =SUMIFS('2026'!$U:$U,'2026'!$I:$I,$C13,'2026'!$Y:$Y,'Rank-สินค้าทั้งหมด '!CW$11) | CX13: =SUMIFS('2026'!$U:$U,'2026'!$I:$I,$C13,'2026'!$Y:$Y,'Rank-สินค้าทั้งหมด '!CX$11) | CY13: =SUMIFS('2026'!$U:$U,'2026'!$I:$I,$C13,'2026'!$Y:$Y,'Rank-สินค้าทั้งหมด '!CY$11) | CZ13: =SUMIFS('2026'!$U:$U,'2026'!$I:$I,$C13,'2026'!$Y:$Y,'Rank-สินค้าทั้งหมด '!CZ$11) | DA13: =SUMIFS('2026'!$U:$U,'2026'!$I:$I,$C13,'2026'!$Y:$Y,'Rank-สินค้าทั้งหมด '!DA$11) | DB13: =SUMIFS('2026'!$U:$U,'2026'!$I:$I,$C13,'2026'!$Y:$Y,'Rank-สินค้าทั้งหมด '!DB$11) | DC13: =SUMIFS('2026'!$U:$U,'2026'!$I:$I,$C13,'2026'!$Y:$Y,'Rank-สินค้าทั้งหมด '!DC$11) | DD13: =SUMIFS('2026'!$U:$U,'2026'!$I:$I,$C13,'2026'!$Y:$Y,'Rank-สินค้าทั้งหมด '!DD$11) | DE13: =SUM(BM13:BX13) | DF13: =SUM(BY13:CJ13) | DG13: =SUM(CK13:CV13) | DH13: =SUM(CW13:DD13) | DI13: =SUM(CY13:DD13)

Sheet Rank-สินค้าใหม่
B1: รวมทั้งบริษัท | H1: Total | I1: Rank | J1: จน.Item | K1: จำนวนชิ้น | N1: AV 3M | O1: คิดเป็น % | P1: จำนวนบาท | S1: SUM 3M | T1: คิดเป็น %
B2: Total | C2: Rank | D2: จำนวนไอเทมสินค้า | K2: มิ.ย. | L2: ก.ค. | M2: ส.ค. | P2: มิ.ย. | Q2: ก.ค. | R2: ส.ค.
B3: =SUM(B4:B6) | D3: =COUNT(A10:A1048576) | H3: 1 | J3: =D3 | K3: =SUM(K4:K6) | L3: =SUM(L4:L6) | M3: =SUM(M4:M6) | N3: =AVERAGE(K3:M3) | O3: 1 | P3: =SUM(P4:P6) | Q3: =SUM(Q4:Q6) | R3: =SUM(R4:R6) | S3: =SUM(P3:R3) | T3: 1
B4: 0.2 | C4: A | D4: =$D$3*B4 | H4: 0.1736 | I4: A | J4: =D4 | K4: =SUMIF($O$10:$O$110,$I4,BE$10:BE$110) | L4: =SUMIF($O$10:$O$110,$I4,BF$10:BF$110) | M4: =SUMIF($O$10:$O$110,$I4,BG$10:BG$110) | N4: =AVERAGE(K4:M4) | O4: =N4/$N$3*$O$3 | P4: =SUMIF($O$10:$O$110,$I4,DB10:DB113) | Q4: =SUMIF($O$10:$O$110,$I4,DC10:DC113) | R4: =SUMIF($O$10:$O$110,$I4,DD10:DD113) | S4: =SUM(P4:R4) | T4: =$S4/$S$3*$T$3
B5: 0.3 | C5: B | D5: =$D$3*B5 | H5: 0.3395 | I5: B | J5: =D5 | K5: =SUMIF($O$10:$O$110,$I5,BE$10:BE$110) | L5: =SUMIF($O$10:$O$110,$I5,BF$10:BF$110) | M5: =SUMIF($O$10:$O$110,$I5,BG$10:BG$110) | N5: =AVERAGE(K5:M5) | O5: =N5/$N$3*$O$3 | P5: =SUMIF($O$10:$O$110,$I5,DB11:DB114) | Q5: =SUMIF($O$10:$O$110,$I5,DC11:DC114) | R5: =SUMIF($O$10:$O$110,$I5,DD11:DD114) | S5: =SUM(P5:R5) | T5: =$S5/$S$3*$T$3
B6: 0.5 | C6: C | D6: =$D$3*B6 | H6: 0.4869 | I6: C | J6: =D6 | K6: =SUMIF($O$10:$O$110,$I6,BE$10:BE$110) | L6: =SUMIF($O$10:$O$110,$I6,BF$10:BF$110) | M6: =SUMIF($O$10:$O$110,$I6,BG$10:BG$110) | N6: =AVERAGE(K6:M6) | O6: =N6/$N$3*$O$3 | P6: =SUMIF($O$10:$O$110,$I6,DB12:DB115) | Q6: =SUMIF($O$10:$O$110,$I6,DC12:DC115) | R6: =SUMIF($O$10:$O$110,$I6,DD12:DD115) | S6: =SUM(P6:R6) | T6: =$S6/$S$3*$T$3
A8: ลำดับ | B8: Category | C8: Product Code | D8: Description | E8: ยี่ห้อ | F8: รุ่น | G8: ประเภทสินค้า | H8: List Price | I8: Member | J8: Wholesale General | K8: สต๊อกคงเหลือ | L8: มูลค่าสินค้า | M8: Vender | N8: สินค้าโครงการ Rank C / D | O8: Rank สินค้าปัจุบัน | P8: ขาย (ชิ้น/เดือน) 2023 | AB8: ขาย (ชิ้น/เดือน) 2024 | AN8: ขาย (ชิ้น/เดือน) 2025 | AZ8: ขาย (ชิ้น/เดือน) 2026 | BM8: ขาย (บาท/เดือน) 2023 | BY8: ขาย (บาท/เดือน) 2024 | CK8: ขาย (บาท/เดือน) 2025 | CW8: ขาย (บาท/เดือน) 2026 | DJ8: New Product | DK8: บาร์ BOM TYPE
L9: จำนวนคงเหลือxราคาส่ง | P9: ม.ค. | Q9: ก.พ. | R9: มี.ค. | S9: เม.ย. | T9: พ.ค. | U9: มิ.ย. | V9: ก.ค. | W9: ส.ค. | X9: ก.ย. | Y9: ต.ค. | Z9: พ.ย. | AA9: ธ.ค. | AB9: ม.ค. | AC9: ก.พ. | AD9: มี.ค. | AE9: เม.ย. | AF9: พ.ค. | AG9: มิ.ย. | AH9: ก.ค. | AI9: ส.ค. | AJ9: ก.ย. | AK9: ต.ค. | AL9: พ.ย. | AM9: ธ.ค. | AN9: ม.ค. | AO9: ก.พ. | AP9: มี.ค. | AQ9: เม.ย. | AR9: พ.ค. | AS9: มิ.ย. | AT9: ก.ค. | AU9: ส.ค. | AV9: ก.ย. | AW9: ต.ค. | AX9: พ.ย. | AY9: ธ.ค. | AZ9: ม.ค. | BA9: ก.พ. | BB9: มี.ค. | BC9: เม.ย. | BD9: พ.ค. | BE9: มิ.ย. | BF9: ก.ค. | BG9: ส.ค. | BH9: AV Y2023 | BI9: AV Y2024 | BJ9: AV Y2025 | BK9: AV Y2026 | BL9: AV 6M | BM9: ม.ค. | BN9: ก.พ. | BO9: มี.ค. | BP9: เม.ย. | BQ9: พ.ค. | BR9: มิ.ย. | BS9: ก.ค. | BT9: ส.ค. | BU9: ก.ย. | BV9: ต.ค. | BW9: พ.ย. | BX9: ธ.ค. | BY9: ม.ค. | BZ9: ก.พ. | CA9: มี.ค. | CB9: เม.ย. | CC9: พ.ค. | CD9: มิ.ย. | CE9: ก.ค. | CF9: ส.ค. | CG9: ก.ย. | CH9: ต.ค. | CI9: พ.ย. | CJ9: ธ.ค. | CK9: ม.ค. | CL9: ก.พ. | CM9: มี.ค. | CN9: เม.ย. | CO9: พ.ค. | CP9: มิ.ย. | CQ9: ก.ค. | CR9: ส.ค. | CS9: ก.ย. | CT9: ต.ค. | CU9: พ.ย. | CV9: ธ.ค. | CW9: ม.ค. | CX9: ก.พ. | CY9: มี.ค. | CZ9: เม.ย. | DA9: พ.ค. | DB9: มิ.ย. | DC9: ก.ค. | DD9: ส.ค. | DE9: SUM Y2023 | DF9: SUM Y2024 | DG9: SUM Y2025 | DH9: SUM Y2026 | DI9: SUM 6M | DJ9: 3M
A10: 1 | B10: Loem-LB | C10: LP015CV21FETR | D10: CIVIC 2021 FE ไฟทับทิมท้าย #01 สำหรับกันชนหลัง TYPE-R 3ฟังก์ชั่น ไฟหรี่-ไฟเบรค-ไฟเลี้ยว [ไฟในกันชนท้าย,ไฟในกันชนหลัง,ไฟทับทิมหลัง] | E10: HONDA | F10: CIVIC | G10: ไฟทับทิมกันชนหลัง LED | H10: 1790 | I10: 1500 | J10: 1500 | K10: 0 | L10: 0 | M10: CBO | O10: =IF(ROW()-9<=20,"A",IF(ROW()-9<=50,"B",IF(ROW()-9<=101,"C","D"))) | P10: =SUMIFS('2023'!$M:$M,'2023'!$I:$I,$C10,'2023'!$Z:$Z,'Rank-สินค้าทั้งหมด '!P$11) | Q10: =SUMIFS('2023'!$M:$M,'2023'!$I:$I,$C10,'2023'!$Z:$Z,'Rank-สินค้าทั้งหมด '!Q$11) | R10: =SUMIFS('2023'!$M:$M,'2023'!$I:$I,$C10,'2023'!$Z:$Z,'Rank-สินค้าทั้งหมด '!R$11) | S10: =SUMIFS('2023'!$M:$M,'2023'!$I:$I,$C10,'2023'!$Z:$Z,'Rank-สินค้าทั้งหมด '!S$11) | T10: =SUMIFS('2023'!$M:$M,'2023'!$I:$I,$C10,'2023'!$Z:$Z,'Rank-สินค้าทั้งหมด '!T$11) | U10: =SUMIFS('2023'!$M:$M,'2023'!$I:$I,$C10,'2023'!$Z:$Z,'Rank-สินค้าทั้งหมด '!U$11) | V10: =SUMIFS('2023'!$M:$M,'2023'!$I:$I,$C10,'2023'!$Z:$Z,'Rank-สินค้าทั้งหมด '!V$11) | W10: =SUMIFS('2023'!$M:$M,'2023'!$I:$I,$C10,'2023'!$Z:$Z,'Rank-สินค้าทั้งหมด '!W$11) | ... AA10: =SUMIFS('2023'!$M:$M,'2023'!$I:$I,$C10,'2023'!$Z:$Z,'Rank-สินค้าทั้งหมด '!AA$11) | AB10: =SUMIFS('2024'!$M:$M,'2024'!$I:$I,$C10,'2024'!$Z:$Z,'Rank-สินค้าทั้งหมด '!AB$11) | AC10: =SUMIFS('2024'!$M:$M,'2024'!$I:$I,$C10,'2024'!$Z:$Z,'Rank-สินค้าทั้งหมด '!AC$11) | AD10: =SUMIFS('2024'!$M:$M,'2024'!$I:$I,$C10,'2024'!$Z:$Z,'Rank-สินค้าทั้งหมด '!AD$11) | AE10: =SUMIFS('2024'!$M:$M,'2024'!$I:$I,$C10,'2024'!$Z:$Z,'Rank-สินค้าทั้งหมด '!AE$11) | AF10: =SUMIFS('2024'!$M:$M,'2024'!$I:$I,$C10,'2024'!$Z:$Z,'Rank-สินค้าทั้งหมด '!AF$11) | AG10: =SUMIFS('2024'!$M:$M,'2024'!$I:$I,$C10,'2024'!$Z:$Z,'Rank-สินค้าทั้งหมด '!AG$11) | AH10: =SUMIFS('2024'!$M:$M,'2024'!$I:$I,$C10,'2024'!$Z:$Z,'Rank-สินค้าทั้งหมด '!AH$11) | AI10: =SUMIFS('2024'!$M:$M,'2024'!$I:$I,$C10,'2024'!$Z:$Z,'Rank-สินค้าทั้งหมด '!AI$11) | ... AM10: =SUMIFS('2024'!$M:$M,'2024'!$I:$I,$C10,'2024'!$Z:$Z,'Rank-สินค้าทั้งหมด '!AM$11) | AN10: =SUMIFS('2025'!$M:$M,'2025'!$I:$I,$C10,'2025'!$Z:$Z,'Rank-สินค้าทั้งหมด '!AN$11) | AO10: =SUMIFS('2025'!$M:$M,'2025'!$I:$I,$C10,'2025'!$Z:$Z,'Rank-สินค้าทั้งหมด '!AO$11) | AP10: =SUMIFS('2025'!$M:$M,'2025'!$I:$I,$C10,'2025'!$Z:$Z,'Rank-สินค้าทั้งหมด '!AP$11) | AQ10: =SUMIFS('2025'!$M:$M,'2025'!$I:$I,$C10,'2025'!$Z:$Z,'Rank-สินค้าทั้งหมด '!AQ$11) | AR10: =SUMIFS('2025'!$M:$M,'2025'!$I:$I,$C10,'2025'!$Z:$Z,'Rank-สินค้าทั้งหมด '!AR$11) | AS10: =SUMIFS('2025'!$M:$M,'2025'!$I:$I,$C10,'2025'!$Z:$Z,'Rank-สินค้าทั้งหมด '!AS$11) | AT10: =SUMIFS('2025'!$M:$M,'2025'!$I:$I,$C10,'2025'!$Z:$Z,'Rank-สินค้าทั้งหมด '!AT$11) | AU10: =SUMIFS('2025'!$M:$M,'2025'!$I:$I,$C10,'2025'!$Z:$Z,'Rank-สินค้าทั้งหมด '!AU$11) | ... AY10: =SUMIFS('2025'!$M:$M,'2025'!$I:$I,$C10,'2025'!$Z:$Z,'Rank-สินค้าทั้งหมด '!AY$11) | AZ10: =SUMIFS('2026'!$M:$M,'2026'!$I:$I,$C10,'2026'!$Y:$Y,'Rank-สินค้าทั้งหมด '!AZ$11) | BA10: =SUMIFS('2026'!$M:$M,'2026'!$I:$I,$C10,'2026'!$Y:$Y,'Rank-สินค้าทั้งหมด '!BA$11) | BB10: =SUMIFS('2026'!$M:$M,'2026'!$I:$I,$C10,'2026'!$Y:$Y,'Rank-สินค้าทั้งหมด '!BB$11) | BC10: =SUMIFS('2026'!$M:$M,'2026'!$I:$I,$C10,'2026'!$Y:$Y,'Rank-สินค้าทั้งหมด '!BC$11) | BD10: =SUMIFS('2026'!$M:$M,'2026'!$I:$I,$C10,'2026'!$Y:$Y,'Rank-สินค้าทั้งหมด '!BD$11) | BE10: =SUMIFS('2026'!$M:$M,'2026'!$I:$I,$C10,'2026'!$Y:$Y,'Rank-สินค้าทั้งหมด '!BE$11) | BF10: =SUMIFS('2026'!$M:$M,'2026'!$I:$I,$C10,'2026'!$Y:$Y,'Rank-สินค้าทั้งหมด '!BF$11) | BG10: =SUMIFS('2026'!$M:$M,'2026'!$I:$I,$C10,'2026'!$Y:$Y,'Rank-สินค้าทั้งหมด '!BG$11) | BH10: =AVERAGEA(P10:AA10) | BI10: =AVERAGEA(AB10:AM10) | BJ10: =AVERAGEA(AN10:AY10) | BK10: =AVERAGEA(AZ10:BG10) | BL10: =AVERAGEA(BB10:BG10) | BM10: =SUMIFS('2023'!$U:$U,'2023'!$I:$I,$C10,'2023'!$Z:$Z,'Rank-สินค้าทั้งหมด '!BM$11) | BN10: =SUMIFS('2023'!$U:$U,'2023'!$I:$I,$C10,'2023'!$Z:$Z,'Rank-สินค้าทั้งหมด '!BN$11) | BO10: =SUMIFS('2023'!$U:$U,'2023'!$I:$I,$C10,'2023'!$Z:$Z,'Rank-สินค้าทั้งหมด '!BO$11) | BP10: =SUMIFS('2023'!$U:$U,'2023'!$I:$I,$C10,'2023'!$Z:$Z,'Rank-สินค้าทั้งหมด '!BP$11) | BQ10: =SUMIFS('2023'!$U:$U,'2023'!$I:$I,$C10,'2023'!$Z:$Z,'Rank-สินค้าทั้งหมด '!BQ$11) | BR10: =SUMIFS('2023'!$U:$U,'2023'!$I:$I,$C10,'2023'!$Z:$Z,'Rank-สินค้าทั้งหมด '!BR$11) | BS10: =SUMIFS('2023'!$U:$U,'2023'!$I:$I,$C10,'2023'!$Z:$Z,'Rank-สินค้าทั้งหมด '!BS$11) | BT10: =SUMIFS('2023'!$U:$U,'2023'!$I:$I,$C10,'2023'!$Z:$Z,'Rank-สินค้าทั้งหมด '!BT$11) | ... BX10: =SUMIFS('2023'!$U:$U,'2023'!$I:$I,$C10,'2023'!$Z:$Z,'Rank-สินค้าทั้งหมด '!BX$11) | BY10: =SUMIFS('2024'!$U:$U,'2024'!$I:$I,$C10,'2024'!$Z:$Z,'Rank-สินค้าทั้งหมด '!BY$11) | BZ10: =SUMIFS('2024'!$U:$U,'2024'!$I:$I,$C10,'2024'!$Z:$Z,'Rank-สินค้าทั้งหมด '!BZ$11) | CA10: =SUMIFS('2024'!$U:$U,'2024'!$I:$I,$C10,'2024'!$Z:$Z,'Rank-สินค้าทั้งหมด '!CA$11) | CB10: =SUMIFS('2024'!$U:$U,'2024'!$I:$I,$C10,'2024'!$Z:$Z,'Rank-สินค้าทั้งหมด '!CB$11) | CC10: =SUMIFS('2024'!$U:$U,'2024'!$I:$I,$C10,'2024'!$Z:$Z,'Rank-สินค้าทั้งหมด '!CC$11) | CD10: =SUMIFS('2024'!$U:$U,'2024'!$I:$I,$C10,'2024'!$Z:$Z,'Rank-สินค้าทั้งหมด '!CD$11) | CE10: =SUMIFS('2024'!$U:$U,'2024'!$I:$I,$C10,'2024'!$Z:$Z,'Rank-สินค้าทั้งหมด '!CE$11) | CF10: =SUMIFS('2024'!$U:$U,'2024'!$I:$I,$C10,'2024'!$Z:$Z,'Rank-สินค้าทั้งหมด '!CF$11) | ... CJ10: =SUMIFS('2024'!$U:$U,'2024'!$I:$I,$C10,'2024'!$Z:$Z,'Rank-สินค้าทั้งหมด '!CJ$11) | CK10: =SUMIFS('2025'!$U:$U,'2025'!$I:$I,$C10,'2025'!$Z:$Z,'Rank-สินค้าทั้งหมด '!CK$11) | CL10: =SUMIFS('2025'!$U:$U,'2025'!$I:$I,$C10,'2025'!$Z:$Z,'Rank-สินค้าทั้งหมด '!CL$11) | CM10: =SUMIFS('2025'!$U:$U,'2025'!$I:$I,$C10,'2025'!$Z:$Z,'Rank-สินค้าทั้งหมด '!CM$11) | CN10: =SUMIFS('2025'!$U:$U,'2025'!$I:$I,$C10,'2025'!$Z:$Z,'Rank-สินค้าทั้งหมด '!CN$11) | CO10: =SUMIFS('2025'!$U:$U,'2025'!$I:$I,$C10,'2025'!$Z:$Z,'Rank-สินค้าทั้งหมด '!CO$11) | CP10: =SUMIFS('2025'!$U:$U,'2025'!$I:$I,$C10,'2025'!$Z:$Z,'Rank-สินค้าทั้งหมด '!CP$11) | CQ10: =SUMIFS('2025'!$U:$U,'2025'!$I:$I,$C10,'2025'!$Z:$Z,'Rank-สินค้าทั้งหมด '!CQ$11) | CR10: =SUMIFS('2025'!$U:$U,'2025'!$I:$I,$C10,'2025'!$Z:$Z,'Rank-สินค้าทั้งหมด '!CR$11) | ... CV10: =SUMIFS('2025'!$U:$U,'2025'!$I:$I,$C10,'2025'!$Z:$Z,'Rank-สินค้าทั้งหมด '!CV$11) | CW10: =SUMIFS('2026'!$U:$U,'2026'!$I:$I,$C10,'2026'!$Y:$Y,'Rank-สินค้าทั้งหมด '!CW$11) | CX10: =SUMIFS('2026'!$U:$U,'2026'!$I:$I,$C10,'2026'!$Y:$Y,'Rank-สินค้าทั้งหมด '!CX$11) | CY10: =SUMIFS('2026'!$U:$U,'2026'!$I:$I,$C10,'2026'!$Y:$Y,'Rank-สินค้าทั้งหมด '!CY$11) | CZ10: =SUMIFS('2026'!$U:$U,'2026'!$I:$I,$C10,'2026'!$Y:$Y,'Rank-สินค้าทั้งหมด '!CZ$11) | DA10: =SUMIFS('2026'!$U:$U,'2026'!$I:$I,$C10,'2026'!$Y:$Y,'Rank-สินค้าทั้งหมด '!DA$11) | DB10: =SUMIFS('2026'!$U:$U,'2026'!$I:$I,$C10,'2026'!$Y:$Y,'Rank-สินค้าทั้งหมด '!DB$11) | DC10: =SUMIFS('2026'!$U:$U,'2026'!$I:$I,$C10,'2026'!$Y:$Y,'Rank-สินค้าทั้งหมด '!DC$11) | DD10: =SUMIFS('2026'!$U:$U,'2026'!$I:$I,$C10,'2026'!$Y:$Y,'Rank-สินค้าทั้งหมด '!DD$11) | DE10: =SUM(BM10:BX10) | DF10: =SUM(BY10:CJ10) | DG10: =SUM(CK10:CV10) | DH10: =SUM(CW10:DD10) | DI10: =SUM(CY10:DD10) | DJ10: New Product
A11: 2 | B11: ProD | C11: PD-2026-001 | D11: Promotion โปรแรงจัดเต็ม! สปอยเลอร์ ซื้อ 5 ตัว แถมฟรี 1 ตัว (PRO B) เงื่อนไข - สินค้าทั้ง 6 ชิ้น จะต้องเป็นรุ่นเดียวกันทั้งหมด - สปอยเลอร์ที่มีราคาเกิน 3,000 บาท ไม่เข้าร่วม | E11: สินค้า Universal | F11: สินค้า Universal | G11: ส่วนลด/แถมSALE PROMOTION (ตามที่กำหนดเวลาไว้ ) | H11: 0 | I11: 0 | J11: 0 | K11: 0 | L11: 0 | O11: =IF(ROW()-9<=20,"A",IF(ROW()-9<=50,"B",IF(ROW()-9<=101,"C","D"))) | P11: =SUMIFS('2023'!$M:$M,'2023'!$I:$I,$C11,'2023'!$Z:$Z,'Rank-สินค้าทั้งหมด '!P$11) | Q11: =SUMIFS('2023'!$M:$M,'2023'!$I:$I,$C11,'2023'!$Z:$Z,'Rank-สินค้าทั้งหมด '!Q$11) | R11: =SUMIFS('2023'!$M:$M,'2023'!$I:$I,$C11,'2023'!$Z:$Z,'Rank-สินค้าทั้งหมด '!R$11) | S11: =SUMIFS('2023'!$M:$M,'2023'!$I:$I,$C11,'2023'!$Z:$Z,'Rank-สินค้าทั้งหมด '!S$11) | T11: =SUMIFS('2023'!$M:$M,'2023'!$I:$I,$C11,'2023'!$Z:$Z,'Rank-สินค้าทั้งหมด '!T$11) | U11: =SUMIFS('2023'!$M:$M,'2023'!$I:$I,$C11,'2023'!$Z:$Z,'Rank-สินค้าทั้งหมด '!U$11) | V11: =SUMIFS('2023'!$M:$M,'2023'!$I:$I,$C11,'2023'!$Z:$Z,'Rank-สินค้าทั้งหมด '!V$11) | W11: =SUMIFS('2023'!$M:$M,'2023'!$I:$I,$C11,'2023'!$Z:$Z,'Rank-สินค้าทั้งหมด '!W$11) | ... AA11: =SUMIFS('2023'!$M:$M,'2023'!$I:$I,$C11,'2023'!$Z:$Z,'Rank-สินค้าทั้งหมด '!AA$11) | AB11: =SUMIFS('2024'!$M:$M,'2024'!$I:$I,$C11,'2024'!$Z:$Z,'Rank-สินค้าทั้งหมด '!AB$11) | AC11: =SUMIFS('2024'!$M:$M,'2024'!$I:$I,$C11,'2024'!$Z:$Z,'Rank-สินค้าทั้งหมด '!AC$11) | AD11: =SUMIFS('2024'!$M:$M,'2024'!$I:$I,$C11,'2024'!$Z:$Z,'Rank-สินค้าทั้งหมด '!AD$11) | AE11: =SUMIFS('2024'!$M:$M,'2024'!$I:$I,$C11,'2024'!$Z:$Z,'Rank-สินค้าทั้งหมด '!AE$11) | AF11: =SUMIFS('2024'!$M:$M,'2024'!$I:$I,$C11,'2024'!$Z:$Z,'Rank-สินค้าทั้งหมด '!AF$11) | AG11: =SUMIFS('2024'!$M:$M,'2024'!$I:$I,$C11,'2024'!$Z:$Z,'Rank-สินค้าทั้งหมด '!AG$11) | AH11: =SUMIFS('2024'!$M:$M,'2024'!$I:$I,$C11,'2024'!$Z:$Z,'Rank-สินค้าทั้งหมด '!AH$11) | AI11: =SUMIFS('2024'!$M:$M,'2024'!$I:$I,$C11,'2024'!$Z:$Z,'Rank-สินค้าทั้งหมด '!AI$11) | ... AM11: =SUMIFS('2024'!$M:$M,'2024'!$I:$I,$C11,'2024'!$Z:$Z,'Rank-สินค้าทั้งหมด '!AM$11) | AN11: =SUMIFS('2025'!$M:$M,'2025'!$I:$I,$C11,'2025'!$Z:$Z,'Rank-สินค้าทั้งหมด '!AN$11) | AO11: =SUMIFS('2025'!$M:$M,'2025'!$I:$I,$C11,'2025'!$Z:$Z,'Rank-สินค้าทั้งหมด '!AO$11) | AP11: =SUMIFS('2025'!$M:$M,'2025'!$I:$I,$C11,'2025'!$Z:$Z,'Rank-สินค้าทั้งหมด '!AP$11) | AQ11: =SUMIFS('2025'!$M:$M,'2025'!$I:$I,$C11,'2025'!$Z:$Z,'Rank-สินค้าทั้งหมด '!AQ$11) | AR11: =SUMIFS('2025'!$M:$M,'2025'!$I:$I,$C11,'2025'!$Z:$Z,'Rank-สินค้าทั้งหมด '!AR$11) | AS11: =SUMIFS('2025'!$M:$M,'2025'!$I:$I,$C11,'2025'!$Z:$Z,'Rank-สินค้าทั้งหมด '!AS$11) | AT11: =SUMIFS('2025'!$M:$M,'2025'!$I:$I,$C11,'2025'!$Z:$Z,'Rank-สินค้าทั้งหมด '!AT$11) | AU11: =SUMIFS('2025'!$M:$M,'2025'!$I:$I,$C11,'2025'!$Z:$Z,'Rank-สินค้าทั้งหมด '!AU$11) | ... AY11: =SUMIFS('2025'!$M:$M,'2025'!$I:$I,$C11,'2025'!$Z:$Z,'Rank-สินค้าทั้งหมด '!AY$11) | AZ11: =SUMIFS('2026'!$M:$M,'2026'!$I:$I,$C11,'2026'!$Y:$Y,'Rank-สินค้าทั้งหมด '!AZ$11) | BA11: =SUMIFS('2026'!$M:$M,'2026'!$I:$I,$C11,'2026'!$Y:$Y,'Rank-สินค้าทั้งหมด '!BA$11) | BB11: =SUMIFS('2026'!$M:$M,'2026'!$I:$I,$C11,'2026'!$Y:$Y,'Rank-สินค้าทั้งหมด '!BB$11) | BC11: =SUMIFS('2026'!$M:$M,'2026'!$I:$I,$C11,'2026'!$Y:$Y,'Rank-สินค้าทั้งหมด '!BC$11) | BD11: =SUMIFS('2026'!$M:$M,'2026'!$I:$I,$C11,'2026'!$Y:$Y,'Rank-สินค้าทั้งหมด '!BD$11) | BE11: =SUMIFS('2026'!$M:$M,'2026'!$I:$I,$C11,'2026'!$Y:$Y,'Rank-สินค้าทั้งหมด '!BE$11) | BF11: =SUMIFS('2026'!$M:$M,'2026'!$I:$I,$C11,'2026'!$Y:$Y,'Rank-สินค้าทั้งหมด '!BF$11) | BG11: =SUMIFS('2026'!$M:$M,'2026'!$I:$I,$C11,'2026'!$Y:$Y,'Rank-สินค้าทั้งหมด '!BG$11) | BH11: =AVERAGEA(P11:AA11) | BI11: =AVERAGEA(AB11:AM11) | BJ11: =AVERAGEA(AN11:AY11) | BK11: =AVERAGEA(AZ11:BG11) | BL11: =AVERAGEA(BB11:BG11) | BM11: =SUMIFS('2023'!$U:$U,'2023'!$I:$I,$C11,'2023'!$Z:$Z,'Rank-สินค้าทั้งหมด '!BM$11) | BN11: =SUMIFS('2023'!$U:$U,'2023'!$I:$I,$C11,'2023'!$Z:$Z,'Rank-สินค้าทั้งหมด '!BN$11) | BO11: =SUMIFS('2023'!$U:$U,'2023'!$I:$I,$C11,'2023'!$Z:$Z,'Rank-สินค้าทั้งหมด '!BO$11) | BP11: =SUMIFS('2023'!$U:$U,'2023'!$I:$I,$C11,'2023'!$Z:$Z,'Rank-สินค้าทั้งหมด '!BP$11) | BQ11: =SUMIFS('2023'!$U:$U,'2023'!$I:$I,$C11,'2023'!$Z:$Z,'Rank-สินค้าทั้งหมด '!BQ$11) | BR11: =SUMIFS('2023'!$U:$U,'2023'!$I:$I,$C11,'2023'!$Z:$Z,'Rank-สินค้าทั้งหมด '!BR$11) | BS11: =SUMIFS('2023'!$U:$U,'2023'!$I:$I,$C11,'2023'!$Z:$Z,'Rank-สินค้าทั้งหมด '!BS$11) | BT11: =SUMIFS('2023'!$U:$U,'2023'!$I:$I,$C11,'2023'!$Z:$Z,'Rank-สินค้าทั้งหมด '!BT$11) | ... BX11: =SUMIFS('2023'!$U:$U,'2023'!$I:$I,$C11,'2023'!$Z:$Z,'Rank-สินค้าทั้งหมด '!BX$11) | BY11: =SUMIFS('2024'!$U:$U,'2024'!$I:$I,$C11,'2024'!$Z:$Z,'Rank-สินค้าทั้งหมด '!BY$11) | BZ11: =SUMIFS('2024'!$U:$U,'2024'!$I:$I,$C11,'2024'!$Z:$Z,'Rank-สินค้าทั้งหมด '!BZ$11) | CA11: =SUMIFS('2024'!$U:$U,'2024'!$I:$I,$C11,'2024'!$Z:$Z,'Rank-สินค้าทั้งหมด '!CA$11) | CB11: =SUMIFS('2024'!$U:$U,'2024'!$I:$I,$C11,'2024'!$Z:$Z,'Rank-สินค้าทั้งหมด '!CB$11) | CC11: =SUMIFS('2024'!$U:$U,'2024'!$I:$I,$C11,'2024'!$Z:$Z,'Rank-สินค้าทั้งหมด '!CC$11) | CD11: =SUMIFS('2024'!$U:$U,'2024'!$I:$I,$C11,'2024'!$Z:$Z,'Rank-สินค้าทั้งหมด '!CD$11) | CE11: =SUMIFS('2024'!$U:$U,'2024'!$I:$I,$C11,'2024'!$Z:$Z,'Rank-สินค้าทั้งหมด '!CE$11) | CF11: =SUMIFS('2024'!$U:$U,'2024'!$I:$I,$C11,'2024'!$Z:$Z,'Rank-สินค้าทั้งหมด '!CF$11) | ... CJ11: =SUMIFS('2024'!$U:$U,'2024'!$I:$I,$C11,'2024'!$Z:$Z,'Rank-สินค้าทั้งหมด '!CJ$11) | CK11: =SUMIFS('2025'!$U:$U,'2025'!$I:$I,$C11,'2025'!$Z:$Z,'Rank-สินค้าทั้งหมด '!CK$11) | CL11: =SUMIFS('2025'!$U:$U,'2025'!$I:$I,$C11,'2025'!$Z:$Z,'Rank-สินค้าทั้งหมด '!CL$11) | CM11: =SUMIFS('2025'!$U:$U,'2025'!$I:$I,$C11,'2025'!$Z:$Z,'Rank-สินค้าทั้งหมด '!CM$11) | CN11: =SUMIFS('2025'!$U:$U,'2025'!$I:$I,$C11,'2025'!$Z:$Z,'Rank-สินค้าทั้งหมด '!CN$11) | CO11: =SUMIFS('2025'!$U:$U,'2025'!$I:$I,$C11,'2025'!$Z:$Z,'Rank-สินค้าทั้งหมด '!CO$11) | CP11: =SUMIFS('2025'!$U:$U,'2025'!$I:$I,$C11,'2025'!$Z:$Z,'Rank-สินค้าทั้งหมด '!CP$11) | CQ11: =SUMIFS('2025'!$U:$U,'2025'!$I:$I,$C11,'2025'!$Z:$Z,'Rank-สินค้าทั้งหมด '!CQ$11) | CR11: =SUMIFS('2025'!$U:$U,'2025'!$I:$I,$C11,'2025'!$Z:$Z,'Rank-สินค้าทั้งหมด '!CR$11) | ... CV11: =SUMIFS('2025'!$U:$U,'2025'!$I:$I,$C11,'2025'!$Z:$Z,'Rank-สินค้าทั้งหมด '!CV$11) | CW11: =SUMIFS('2026'!$U:$U,'2026'!$I:$I,$C11,'2026'!$Y:$Y,'Rank-สินค้าทั้งหมด '!CW$11) | CX11: =SUMIFS('2026'!$U:$U,'2026'!$I:$I,$C11,'2026'!$Y:$Y,'Rank-สินค้าทั้งหมด '!CX$11) | CY11: =SUMIFS('2026'!$U:$U,'2026'!$I:$I,$C11,'2026'!$Y:$Y,'Rank-สินค้าทั้งหมด '!CY$11) | CZ11: =SUMIFS('2026'!$U:$U,'2026'!$I:$I,$C11,'2026'!$Y:$Y,'Rank-สินค้าทั้งหมด '!CZ$11) | DA11: =SUMIFS('2026'!$U:$U,'2026'!$I:$I,$C11,'2026'!$Y:$Y,'Rank-สินค้าทั้งหมด '!DA$11) | DB11: =SUMIFS('2026'!$U:$U,'2026'!$I:$I,$C11,'2026'!$Y:$Y,'Rank-สินค้าทั้งหมด '!DB$11) | DC11: =SUMIFS('2026'!$U:$U,'2026'!$I:$I,$C11,'2026'!$Y:$Y,'Rank-สินค้าทั้งหมด '!DC$11) | DD11: =SUMIFS('2026'!$U:$U,'2026'!$I:$I,$C11,'2026'!$Y:$Y,'Rank-สินค้าทั้งหมด '!DD$11) | DE11: =SUM(BM11:BX11) | DF11: =SUM(BY11:CJ11) | DG11: =SUM(CK11:CV11) | DH11: =SUM(CW11:DD11) | DI11: =SUM(CY11:DD11) | DJ11: New Product

Sheet รายการที่ตัดออก
B1: รวมทั้งบริษัท | H1: Total | I1: Rank | J1: จน.Item | K1: จำนวนชิ้น | Q1: AV 6M | R1: คิดเป็น % | S1: จำนวนบาท | Y1: SUM 6M | Z1: คิดเป็น %
B2: Total | C2: Rank | D2: จน.Item | K2: มี.ค. | L2: เม.ย. | M2: พ.ค. | N2: มิ.ย. | O2: ก.ค. | P2: ส.ค. | S2: มี.ค. | T2: เม.ย. | U2: พ.ค. | V2: มิ.ย. | W2: ก.ค. | X2: ส.ค.
B3: 1 | C3: เฉพาะรายการที่มียอดขายย้อนหลัง 6 เดือน | D3: =COUNTIF(BK12:BK2373,">=0.01") | H3: 1 | J3: =D3 | K3: =SUM(K4:K7) | L3: =SUM(L4:L7) | M3: =SUM(M4:M7) | N3: =SUM(N4:N7) | O3: =SUM(O4:O7) | P3: =SUM(P4:P7) | Q3: =AVERAGE(K3:P3) | R3: 1 | S3: =SUM(S4:S6) | T3: =SUM(T4:T6) | U3: =SUM(U4:U6) | V3: =SUM(V4:V6) | W3: =SUM(W4:W6) | X3: =SUM(X4:X6) | Y3: =SUM(S3:X3) | Z3: 1
B4: 0.2 | C4: A | D4: 31 | F4: =COUNTIF(BK12:BK2373,">=2.5") | H4: 0.1736 | I4: A | J4: =D4 | K4: =SUMIF($O$12:$O$2257,$I4,BB$12:BB$2257) | L4: =SUMIF($O$12:$O$2257,$I4,BC$12:BC$2257) | M4: =SUMIF($O$12:$O$2257,$I4,BD$12:BD$2257) | N4: =SUMIF($O$12:$O$2257,$I4,BE$12:BE$2257) | O4: =SUMIF($O$12:$O$2257,$I4,BF$12:BF$2257) | P4: =SUMIF($O$12:$O$2257,$I4,BG$12:BG$2257) | Q4: =AVERAGE(K4:P4) | R4: =Q4/$Q$3*$R$3 | S4: =SUMIF($O$12:$O$2257,$I4,CY$12:CY$2257) | T4: =SUMIF($O$12:$O$2257,$I4,CZ$12:CZ$2257) | U4: =SUMIF($O$12:$O$2257,$I4,DA$12:DA$2257) | V4: =SUMIF($O$12:$O$2257,$I4,DB$12:DB$2257) | W4: =SUMIF($O$12:$O$2257,$I4,DC$12:DC$2257) | X4: =SUMIF($O$12:$O$2257,$I4,DD$12:DD$2257) | Y4: =SUM(S4:X4) | Z4: =$Y4/$Y$3*$Z$3
B5: 0.3 | C5: B | D5: 64 | F5: =COUNTIFS(BK12:BK2373,">=0.5",BK12:BK2373,"<=2.49") | H5: 0.3395 | I5: B | J5: =D5 | K5: =SUMIF($O$12:$O$2257,$I5,BB$12:BB$2257) | L5: =SUMIF($O$12:$O$2257,$I5,BC$12:BC$2257) | M5: =SUMIF($O$12:$O$2257,$I5,BD$12:BD$2257) | N5: =SUMIF($O$12:$O$2257,$I5,BE$12:BE$2257) | O5: =SUMIF($O$12:$O$2257,$I5,BF$12:BF$2257) | P5: =SUMIF($O$12:$O$2257,$I5,BG$12:BG$2257) | Q5: =AVERAGE(K5:P5) | R5: =Q5/$Q$3*$R$3 | S5: =SUMIF($O$12:$O$2257,$I5,CY$12:CY$2257) | T5: =SUMIF($O$12:$O$2257,$I5,CZ$12:CZ$2257) | U5: =SUMIF($O$12:$O$2257,$I5,DA$12:DA$2257) | V5: =SUMIF($O$12:$O$2257,$I5,DB$12:DB$2257) | W5: =SUMIF($O$12:$O$2257,$I5,DC$12:DC$2257) | X5: =SUMIF($O$12:$O$2257,$I5,DD$12:DD$2257) | Y5: =SUM(S5:X5) | Z5: =$Y5/$Y$3*$Z$3
B6: 0.5 | C6: C | D6: 90 | F6: =COUNTIFS(BK12:BK2373,">=0.1",BK12:BK2373,"<=0.49") | H6: 0.4869 | I6: C | J6: =D6 | K6: =SUMIF($O$12:$O$2257,$I6,BB$12:BB$2257) | L6: =SUMIF($O$12:$O$2257,$I6,BC$12:BC$2257) | M6: =SUMIF($O$12:$O$2257,$I6,BD$12:BD$2257) | N6: =SUMIF($O$12:$O$2257,$I6,BE$12:BE$2257) | O6: =SUMIF($O$12:$O$2257,$I6,BF$12:BF$2257) | P6: =SUMIF($O$12:$O$2257,$I6,BG$12:BG$2257) | Q6: =AVERAGE(K6:P6) | R6: =Q6/$Q$3*$R$3 | S6: =SUMIF($O$12:$O$2257,$I6,CY$12:CY$2257) | T6: =SUMIF($O$12:$O$2257,$I6,CZ$12:CZ$2257) | U6: =SUMIF($O$12:$O$2257,$I6,DA$12:DA$2257) | V6: =SUMIF($O$12:$O$2257,$I6,DB$12:DB$2257) | W6: =SUMIF($O$12:$O$2257,$I6,DC$12:DC$2257) | X6: =SUMIF($O$12:$O$2257,$I6,DD$12:DD$2257) | Y6: =SUM(S6:X6) | Z6: =$Y6/$Y$3*$Z$3
B7: รายการไม่มียอดขาย ย้อนหลัง 6 เดือน | D7: =D8-D3 | F7: =COUNTIF(BK12:BK2373,"<=0") | K7: =SUMIF($O$12:$O$2257,$I7,BB$12:BB$2257) | L7: =SUMIF($O$12:$O$2257,$I7,BC$12:BC$2257) | M7: =SUMIF($O$12:$O$2257,$I7,BD$12:BD$2257) | N7: =SUMIF($O$12:$O$2257,$I7,BE$12:BE$2257) | O7: =SUMIF($O$12:$O$2257,$I7,BF$12:BF$2257) | P7: =SUMIF($O$12:$O$2257,$I7,BG$12:BG$2257) | Q7: =AVERAGE(K7:P7)
B8: จำนวนไอเทมสินค้าทั้งหมด | D8: =COUNT(A12:A1048576)
A10: ลำดับ | B10: Category | C10: Product Code | D10: Description | E10: ยี่ห้อ | F10: รุ่น | G10: ประเภทสินค้า | H10: List Price | I10: Member | J10: Wholesale General | K10: สต๊อกคงเหลือ | L10: มูลค่าสินค้า | M10: Vender | N10: สินค้าโครงการ Rank C / D | O10: Rank สินค้าปัจุบัน | P10: ขาย (ชิ้น/เดือน) 2023 | AB10: ขาย (ชิ้น/เดือน) 2024 | AN10: ขาย (ชิ้น/เดือน) 2025 | AZ10: ขาย (ชิ้น/เดือน) 2026 | BM10: ขาย (บาท/เดือน) 2023 | BY10: ขาย (บาท/เดือน) 2024 | CK10: ขาย (บาท/เดือน) 2025 | CW10: ขาย (บาท/เดือน) 2026 | DJ10: New Product | DK10: บาร์ BOM TYPE
L11: จำนวนคงเหลือxราคาส่ง | P11: ม.ค. | Q11: ก.พ. | R11: มี.ค. | S11: เม.ย. | T11: พ.ค. | U11: มิ.ย. | V11: ก.ค. | W11: ส.ค. | X11: ก.ย. | Y11: ต.ค. | Z11: พ.ย. | AA11: ธ.ค. | AB11: ม.ค. | AC11: ก.พ. | AD11: มี.ค. | AE11: เม.ย. | AF11: พ.ค. | AG11: มิ.ย. | AH11: ก.ค. | AI11: ส.ค. | AJ11: ก.ย. | AK11: ต.ค. | AL11: พ.ย. | AM11: ธ.ค. | AN11: ม.ค. | AO11: ก.พ. | AP11: มี.ค. | AQ11: เม.ย. | AR11: พ.ค. | AS11: มิ.ย. | AT11: ก.ค. | AU11: ส.ค. | AV11: ก.ย. | AW11: ต.ค. | AX11: พ.ย. | AY11: ธ.ค. | AZ11: ม.ค. | BA11: ก.พ. | BB11: มี.ค. | BC11: เม.ย. | BD11: พ.ค. | BE11: มิ.ย. | BF11: ก.ค. | BG11: ส.ค. | BH11: AV Y2023 | BI11: AV Y2024 | BJ11: AV Y2025 | BK11: AV Y2026 | BL11: AV 6M | BM11: ม.ค. | BN11: ก.พ. | BO11: มี.ค. | BP11: เม.ย. | BQ11: พ.ค. | BR11: มิ.ย. | BS11: ก.ค. | BT11: ส.ค. | BU11: ก.ย. | BV11: ต.ค. | BW11: พ.ย. | BX11: ธ.ค. | BY11: ม.ค. | BZ11: ก.พ. | CA11: มี.ค. | CB11: เม.ย. | CC11: พ.ค. | CD11: มิ.ย. | CE11: ก.ค. | CF11: ส.ค. | CG11: ก.ย. | CH11: ต.ค. | CI11: พ.ย. | CJ11: ธ.ค. | CK11: ม.ค. | CL11: ก.พ. | CM11: มี.ค. | CN11: เม.ย. | CO11: พ.ค. | CP11: มิ.ย. | CQ11: ก.ค. | CR11: ส.ค. | CS11: ก.ย. | CT11: ต.ค. | CU11: พ.ย. | CV11: ธ.ค. | CW11: ม.ค. | CX11: ก.พ. | CY11: มี.ค. | CZ11: เม.ย. | DA11: พ.ค. | DB11: มิ.ย. | DC11: ก.ค. | DD11: ส.ค. | DE11: SUM Y2023 | DF11: SUM Y2024 | DG11: SUM Y2025 | DH11: SUM Y2026 | DI11: SUM 6M | DJ11: 3M
A12: 1 | B12: เงินมัดจำ | C12: Deposit | D12: เงินมัดจำ | E12: เงินมัดจำ | F12: เงินมัดจำ | G12: เงินมัดจำ | H12: 0 | I12: 0 | J12: 0 | K12: 0 | L12: 0 | P12: 1211 | Q12: 1232 | R12: 1367 | S12: 986 | T12: 1248 | U12: 1278 | V12: 1298 | W12: 1472 | X12: 1419 | Y12: 1240 | Z12: 1368 | AA12: 1238 | AB12: 1450 | AC12: 1315 | AD12: 1584 | AE12: 1228 | AF12: 1568 | AG12: 1367 | AH12: 1336 | AI12: 1479 | AJ12: 1186 | AK12: 1448 | AL12: 1358 | AM12: 1293 | AN12: 1449 | AO12: 1394 | AP12: 1527 | AQ12: 1209 | AR12: 1463 | AS12: 1295 | AT12: 1338 | AU12: 1294 | AV12: 1399 | AW12: 1523 | AX12: 1723 | AY12: 1694 | AZ12: 1894 | BA12: 1914 | BB12: 2055 | BC12: 1479 | BD12: 1774 | BE12: 1780 | BF12: 1672 | BG12: 1725 | BH12: 1279.75 | BI12: 1384.3333 | BJ12: 1442.3333 | BK12: 1786.625 | BL12: 1747.5 | BM12: 0 | BN12: 0 | BO12: 0 | BP12: 0 | BQ12: 0 | BR12: 0 | BS12: 0 | BT12: 0 | BU12: 0 | BV12: 0 | BW12: 0 | BX12: 0 | BY12: -6000 | BZ12: 0 | CA12: 0 | CB12: -6500 | CC12: -22500 | CD12: -29500 | CE12: 0 | CF12: 0 | CG12: 0 | CH12: 0 | CI12: 0 | CJ12: 0 | CK12: 0 | CL12: 0 | CM12: 0 | CN12: 0 | CO12: 0 | CP12: 0 | CQ12: 0 | CR12: 0 | CS12: 0 | CT12: 0 | CU12: 0 | CV12: 0 | CW12: 0 | CX12: 0 | CY12: 0 | CZ12: 0 | DA12: 0 | DB12: 0 | DC12: 0 | DD12: 0 | DE12: 0 | DF12: -64500 | DG12: 0 | DH12: 0 | DI12: 0 | DK12: Barbom
A13: 2 | B13: Service01 | C13: installation | D13: ค่าติดตั้งช่าง | E13: ค่าติดตั้งช่าง | F13: ค่าติดตั้งช่าง | G13: ค่าบริการและติดตั้ง | H13: 0 | I13: 0 | J13: 0 | K13: 0 | L13: 0 | P13: 362 | Q13: 423 | R13: 485 | S13: 414 | T13: 423 | U13: 449 | V13: 425 | W13: 453 | X13: 471 | Y13: 427 | Z13: 429 | AA13: 503 | AB13: 444 | AC13: 386 | AD13: 456 | AE13: 374 | AF13: 415 | AG13: 358 | AH13: 430 | AI13: 417 | AJ13: 349 | AK13: 481 | AL13: 415 | AM13: 433 | AN13: 429 | AO13: 351 | AP13: 435 | AQ13: 382 | AR13: 348 | AS13: 374 | AT13: 384 | AU13: 376 | AV13: 374 | AW13: 475 | AX13: 407 | AY13: 510 | AZ13: 424 | BA13: 470 | BB13: 428 | BC13: 377 | BD13: 416 | BE13: 428 | BF13: 416 | BG13: 418 | BH13: 438.66667 | BI13: 413.16667 | BJ13: 403.75 | BK13: 422.125 | BL13: 413.83333 | BM13: 126490 | BN13: 155610 | BO13: 167457 | BP13: 153500 | BQ13: 156400 | BR13: 180210 | BS13: 167190 | BT13: 176310 | BU13: 184280 | BV13: 174910 | BW13: 171791 | BX13: 188540 | BY13: 0 | BZ13: 0 | CA13: 0 | CB13: 0 | CC13: 0 | CD13: 0 | CE13: 0 | CF13: 0 | CG13: 0 | CH13: 0 | CI13: 0 | CJ13: 0 | CK13: 172560 | CL13: 139690 | CM13: 191520 | CN13: 148020 | CO13: 159150 | CP13: 159840 | CQ13: 164220 | CR13: 148670 | CS13: 158030 | CT13: 198891 | CU13: 190180 | CV13: 220140 | CW13: 186090 | CX13: 226340 | CY13: 196270 | CZ13: 186105 | DA13: 184250 | DB13: 197290 | DC13: 198100 | DD13: 215460 | DE13: 2002688 | DF13: 0 | DG13: 2050911 | DH13: 1589905 | DI13: 1177475 | DK13: Barbom
